Paul,Pogba,PaulPogba@gmail,29
Cristiano,Ronaldo,Cristiano Ronaldo@gmail,38
Diogo,Dalot,Diogo Dalot@gmail,23
Marcus,Rashford,MarcusRashford@gmail,24
Tom,Heaton,TomHeaton@gmail,35
Harry,Maguire,HarryMaguire@gmail,29
Jesse,Lingard,JesseLingard@gmail,29
Juan,Mata,JuanMata@fr,33
Bruno,Fernandes,BrunoFernandes@fr,27
Scott,McTominay,ScottMcTominay@fr,25
Edinson,Cavani,EdinsonCavani@com,35